tick,pid,old_state,new_state
1,1,RUNNING,ZOMBIE
1,1,ZOMBIE,RUNNABLE
1,1,RUNNABLE,RUNNING
1,1,RUNNING,ZOMBIE
1,1,ZOMBIE,RUNNABLE
1,1,RUNNABLE,RUNNING
1,1,RUNNING,ZOMBIE
1,1,ZOMBIE,RUNNABLE
1,1,RUNNABLE,RUNNING
1,1,RUNNING,ZOMBIE
1,1,ZOMBIE,RUNNABLE
1,1,RUNNABLE,RUNNING
1,1,RUNNING,ZOMBIE
1,1,ZOMBIE,RUNNABLE
1,1,RUNNABLE,RUNNING
1,1,RUNNING,ZOMBIE
1,1,ZOMBIE,RUNNABLE
1,1,RUNNABLE,RUNNING
1,1,RUNNING,ZOMBIE
1,1,ZOMBIE,RUNNABLE
1,1,RUNNABLE,RUNNING
1,1,RUNNING,ZOMBIE
1,1,ZOMBIE,RUNNABLE
1,1,RUNNABLE,RUNNING
1,1,RUNNING,ZOMBIE
1,1,ZOMBIE,RUNNABLE
1,1,RUNNABLE,RUNNING
1,1,RUNNING,ZOMBIE
1,1,ZOMBIE,RUNNABLE
1,1,RUNNABLE,RUNNING
1,1,RUNNING,ZOMBIE
1,1,ZOMBIE,RUNNABLE
1,1,RUNNABLE,RUNNING
1,1,RUNNING,ZOMBIE
1,1,ZOMBIE,RUNNABLE
1,1,RUNNABLE,RUNNING
1,1,RUNNING,ZOMBIE
1,1,ZOMBIE,RUNNABLE
1,1,RUNNABLE,RUNNING
1,1,RUNNING,ZOMBIE
1,1,ZOMBIE,RUNNABLE
1,1,RUNNABLE,RUNNING
1,1,RUNNING,ZOMBIE
1,1,ZOMBIE,RUNNABLE
1,1,RUNNABLE,RUNNING
1,1,RUNNING,ZOMBIE
1,1,ZOMBIE,RUNNABLE
1,1,RUNNABLE,RUNNING
1,1,RUNNING,ZOMBIE
1,1,ZOMBIE,RUNNABLE
1,1,RUNNABLE,RUNNING
1,1,RUNNING,ZOMBIE
1,1,ZOMBIE,RUNNABLE
1,1,RUNNABLE,RUNNING
1,1,RUNNING,ZOMBIE
1,1,ZOMBIE,RUNNABLE
1,1,RUNNABLE,RUNNING
1,1,RUNNING,ZOMBIE
1,1,ZOMBIE,RUNNABLE
1,1,RUNNABLE,RUNNING
1,1,RUNNING,ZOMBIE
1,1,ZOMBIE,RUNNABLE
1,1,RUNNABLE,RUNNING
1,1,RUNNING,ZOMBIE
1,1,ZOMBIE,RUNNABLE
1,1,RUNNABLE,RUNNING
1,1,RUNNING,ZOMBIE
1,1,ZOMBIE,RUNNABLE
1,2,RUNNING,ZOMBIE
1,2,ZOMBIE,RUNNABLE
1,2,RUNNABLE,RUNNING
1,2,RUNNING,ZOMBIE
1,2,ZOMBIE,RUNNABLE
1,2,RUNNABLE,RUNNING
1,2,RUNNING,ZOMBIE
1,2,ZOMBIE,RUNNABLE
1,2,RUNNABLE,RUNNING
1,2,RUNNING,ZOMBIE
1,2,ZOMBIE,RUNNABLE
1,2,RUNNABLE,RUNNING
1,2,RUNNING,ZOMBIE
1,2,ZOMBIE,RUNNABLE
1,2,RUNNABLE,RUNNING
1,2,RUNNING,ZOMBIE
1,2,ZOMBIE,RUNNABLE
1,2,RUNNABLE,RUNNING
1,2,RUNNING,ZOMBIE
1,2,ZOMBIE,RUNNABLE
1,2,RUNNABLE,RUNNING
1,2,RUNNING,ZOMBIE
1,2,ZOMBIE,RUNNABLE
1,2,RUNNABLE,RUNNING
1,2,RUNNING,ZOMBIE
1,2,ZOMBIE,RUNNABLE
1,2,RUNNABLE,RUNNING
1,2,RUNNING,ZOMBIE
1,2,ZOMBIE,RUNNABLE
95,2,RUNNABLE,RUNNING
95,2,RUNNING,ZOMBIE
95,2,ZOMBIE,RUNNABLE
95,3,RUNNING,ZOMBIE
95,3,ZOMBIE,RUNNABLE
95,3,RUNNABLE,RUNNING
95,3,RUNNING,ZOMBIE
95,3,ZOMBIE,RUNNABLE
95,3,RUNNABLE,RUNNING
95,3,RUNNING,ZOMBIE
95,3,ZOMBIE,RUNNABLE
95,3,RUNNABLE,RUNNING
95,3,RUNNING,ZOMBIE
95,3,ZOMBIE,RUNNABLE
95,3,RUNNABLE,RUNNING
95,3,RUNNING,ZOMBIE
96,3,ZOMBIE,RUNNABLE
96,4,RUNNING,ZOMBIE
96,4,ZOMBIE,RUNNING
96,5,RUNNING,ZOMBIE
96,4,RUNNING,ZOMBIE
97,6,RUNNING,ZOMBIE
97,5,ZOMBIE,RUNNING
97,7,RUNNING,ZOMBIE
97,4,ZOMBIE,RUNNING
97,5,RUNNING,ZOMBIE
98,6,ZOMBIE,RUNNING
98,8,RUNNING,ZOMBIE
98,7,ZOMBIE,RUNNING
98,5,ZOMBIE,RUNNING
98,4,RUNNING,ZOMBIE
98,6,RUNNING,ZOMBIE
99,8,ZOMBIE,RUNNING
99,5,RUNNING,ZOMBIE
99,4,ZOMBIE,RUNNING
99,7,RUNNING,ZOMBIE
99,6,ZOMBIE,RUNNING
99,8,RUNNING,ZOMBIE
100,5,ZOMBIE,RUNNING
100,6,RUNNING,ZOMBIE
100,7,ZOMBIE,RUNNING
100,4,RUNNING,ZOMBIE
100,8,ZOMBIE,RUNNING
100,5,RUNNING,ZOMBIE
101,6,ZOMBIE,RUNNING
101,7,RUNNING,ZOMBIE
101,3,RUNNABLE,RUNNING
101,6,RUNNING,ZOMBIE
101,4,ZOMBIE,RUNNING
101,8,RUNNING,ZOMBIE
101,6,ZOMBIE,RUNNING
101,3,RUNNING,ZOMBIE
101,3,ZOMBIE,RUNNABLE
101,4,RUNNING,ZOMBIE
102,7,ZOMBIE,RUNNING
102,6,RUNNING,ZOMBIE
102,3,RUNNABLE,RUNNING
102,7,RUNNING,ZOMBIE
102,3,RUNNING,ZOMBIE
102,3,ZOMBIE,RUNNABLE
102,8,ZOMBIE,RUNNING
102,7,ZOMBIE,RUNNING
102,8,RUNNING,ZOMBIE
102,7,RUNNING,ZOMBIE
102,3,RUNNABLE,RUNNING
102,3,RUNNING,ZOMBIE
102,3,ZOMBIE,RUNNABLE
103,3,RUNNABLE,RUNNING
103,3,RUNNING,ZOMBIE
103,2,RUNNABLE,RUNNING
103,2,RUNNING,ZOMBIE
103,2,ZOMBIE,RUNNABLE
103,2,RUNNABLE,RUNNING
103,2,RUNNING,ZOMBIE
103,2,ZOMBIE,RUNNABLE
467,2,RUNNABLE,RUNNING
467,2,RUNNING,ZOMBIE
467,2,ZOMBIE,RUNNABLE
467,9,RUNNING,ZOMBIE
467,9,ZOMBIE,RUNNABLE
467,9,RUNNABLE,RUNNING
467,9,RUNNING,ZOMBIE
467,9,ZOMBIE,RUNNABLE
467,9,RUNNABLE,RUNNING
467,9,RUNNING,ZOMBIE
467,9,ZOMBIE,RUNNABLE
467,9,RUNNABLE,RUNNING
467,9,RUNNING,ZOMBIE
467,9,ZOMBIE,RUNNABLE
467,9,RUNNABLE,RUNNING
467,9,RUNNING,ZOMBIE
467,9,ZOMBIE,RUNNABLE
467,9,RUNNABLE,RUNNING
467,9,RUNNING,ZOMBIE
467,9,ZOMBIE,RUNNING
467,9,RUNNING,ZOMBIE
